{"cameraMode":{"drawMode":2,"name":"Shaded Wireframe","section":"Shading Mode"},"sceneLighting":false,"audioPlay":false,"sceneViewState":{"showFog":true,"showMaterialUpdate":false,"showSkybox":false,"showFlares":true,"showImageEffects":true,"showParticleSystems":true},"in2DMode":false,"pivot":{"x":-4.366135597229004,"y":0.8761282563209534,"z":1.0529013872146607},"rotation":{"x":-0.1517074853181839,"y":-0.5490368008613586,"z":0.1021268293261528,"w":-0.8155770897865295},"size":1.2247449159622193,"orthographic":false}